Physical Address,Animal Units,latitude,longitude,Livestock Type
20121 260th,6000,43.61586956,-95.8516807,Beef Cattle - Slaughter/Stock
10592 Gravel Pit Rd NW,6800,46.08535021,-95.53554923,Beef Cattle - Slaughter/Stock
75382 350th St,10500,44.67841928,-94.9758191,Beef Cattle - Slaughter/Stock
47694 320th St,5231.9,45.4422226,-95.90528107,Beef Cattle - Slaughter/Stock
1266 170th Ave,5770,43.66891944,-96.1305955,Beef Cattle - Slaughter/Stock
20121 260th St,5475,43.61586141,-95.85173198,Beef Cattle - Slaughter/Stock
20265 Vernon Ave,2100,44.65428129,-93.34890521,Beef Cattle - Slaughter/Stock
14723 135th St NE,381.9,45.7831896,-93.88458803,Beef Cattle - Feeder/heifer
26802 Highway 108,435,46.35226448,-95.46980711,Beef Cattle - Cow & calf pair
1875 260th St,390,44.67063923,-96.13407808,Beef Cattle - Feeder/heifer
41230 441st Ave,410,44.3523516,-94.15992749,Beef Cattle - Slaughter/Stock
33311 630th Ave,932,43.83492299,-93.61074754,Beef Cattle - Slaughter/Stock
9555 County Road 135,490,44.82454348,-93.92902496,Beef Cattle - Slaughter/Stock
15477 1st ST,440,43.83488286,-95.9031826,Beef Cattle - Cow & calf pair
1762 230th Ave,400,44.30668144,-95.83630419,Beef Cattle - Slaughter/Stock
12700 180th St,810,43.73210369,-95.9992724,Beef Cattle - Slaughter/Stock
23630 Hunter Ave,820,44.39343442,-95.29730735,Beef Cattle - Slaughter/Stock
17724 220th Ave,700,44.22097756,-94.6198987,Beef Cattle - Slaughter/Stock
58174 810th St,379,43.66190232,-94.90700545,Beef Cattle - Slaughter/Stock
26116 Garden Ave,490,44.44124423,-95.35004544,Beef Cattle - Feeder/heifer
11428 505th St,488,44.21837803,-92.82197576,Beef Cattle - Slaughter/Stock
Address Unknown,999,45.71712572,-95.24514354,Beef Cattle - Slaughter/Stock
4904 Turgi Hill Rd NW,382,47.63574453,-94.94954217,Beef Cattle - Cow & calf pair
5221 20th Ave,349,45.83475683,-94.62022596,Beef Cattle - Feeder/heifer
1946 21st St,750,43.87758938,-95.67396026,Beef Cattle - Slaughter/Stock
28085 310th St,408,44.49961699,-95.22725156,Beef Cattle - Cow & calf pair
65962 180th St,499,44.69312182,-94.59682148,Beef Cattle - Slaughter/Stock
1543 181st St,500,44.10856128,-95.75435352,Beef Cattle - Slaughter/Stock
1910 130th Ave,630,44.12650164,-96.2044862,Beef Cattle - Feeder/heifer
114 US Highway 75,490,43.8649821,-96.26271827,Beef Cattle - Feeder/heifer
179 60th Ave,452.5,43.87484242,-96.34793134,Beef Cattle - Cow & calf pair
26571 73rd St,689,45.86646224,-94.10267882,Beef Cattle - Slaughter/Stock
33460 Gaelic Rd,567,43.74390885,-91.98203114,Beef Cattle - Cow & calf pair
86758 380th Ave,850,43.74517664,-95.3121947,Beef Cattle - Slaughter/Stock
23836 343rd Ave,449,45.4686909,-94.8238223,Beef Cattle - Slaughter/Stock
931 130th Ave,999,43.98321785,-96.08467478,Beef Cattle - Slaughter/Stock
30446 237th Ave,499,46.66464368,-94.87787615,Beef Cattle - Slaughter/Stock
3439 230th St,750,44.38494127,-95.60637989,Beef Cattle - Slaughter/Stock
14332 460th Ave,588,44.17070634,-95.09853823,Beef Cattle - Feeder/heifer
2814 350th St,570,44.55750098,-95.7242879,Beef Cattle - Slaughter/Stock
17606 Fellows Ave,900,43.73692853,-95.82852644,Beef Cattle - Slaughter/Stock
27796 198th St,455,43.63966289,-92.09200328,Beef Cattle - Slaughter/Stock
12361 507th Ave,900,43.91221119,-94.2387158,Beef Cattle - Slaughter/Stock
1375 County Rd 4,950,44.39333245,-96.06038356,Beef Cattle - Slaughter/Stock
1933 190th Ave,900,43.76413698,-96.09390619,Beef Cattle - Slaughter/Stock
29595 Omega Ave,420,44.47830861,-95.0070602,Beef Cattle - Slaughter/Stock
17191 Highway 65,353.5,46.32975436,-93.25886262,Beef Cattle - Feeder/heifer
24556 260th Ave,510,44.31956005,-94.70346249,Beef Cattle - Slaughter/Stock
30085 470th St,500,45.46835937,-95.89396757,Beef Cattle - Slaughter/Stock
15749 170th St,430,45.3700508,-94.43571779,Beef Cattle - Slaughter/Stock
15362 Paul Ave,900,43.77099438,-95.61313275,Beef Cattle - Slaughter/Stock
1455 230th Ave,800,43.6948016,-94.40807429,Beef Cattle - Slaughter/Stock
45917 140th Ave NE,630,48.53913611,-96.17276029,Beef Cattle - Feeder/heifer
26329 Everts Rd NE,354,47.74610587,-94.7225932,Beef Cattle - Cow & calf pair
1167 121st Ave N,496,44.82932165,-96.42045402,Beef Cattle - Slaughter/Stock
44829 250th St,420,43.71742969,-91.75565031,Beef Cattle - Slaughter/Stock
144 50th Ave,800,43.5056402,-96.37105169,Beef Cattle - Slaughter/Stock
44348 340th Ave,458,46.6051721,-95.78107411,Beef Cattle - Slaughter/Stock
2655 190th St,740,44.7844842,-96.27754757,Beef Cattle - Feeder/heifer
20917 County Highway 29,490,46.26736629,-96.03920455,Beef Cattle - Feeder/heifer
Address Unknown,999,45.88447254,-93.21251686,Beef Cattle - Slaughter/Stock
1706 190th St S,873.2,46.85356036,-96.4004785,Beef Cattle - Slaughter/Stock
47731 County 10 Blvd,392,44.25920339,-92.73340097,Beef Cattle - Slaughter/Stock
11568 240th Ave,649.2,45.92764128,-93.78798935,Beef Cattle - Cow & calf pair
1009 71st St,400,43.94840522,-95.86100478,Beef Cattle - Slaughter/Stock
355 110th Ave,420,43.89970668,-96.24546213,Beef Cattle - Feeder/heifer
2642 240th St,700,44.40207839,-96.13063259,Beef Cattle - Slaughter/Stock
3832 290th St,339.8,48.81984282,-96.62113555,Beef Cattle - Feeder/heifer
24888 590th Avenue,572,45.54778773,-96.13550828,Beef Cattle - Slaughter/Stock
See PLS,500,45.43210291,-95.87858807,Beef Cattle - Slaughter/Stock
2111 235th Ave,346.5,47.33714245,-95.7768757,Beef Cattle - Feeder/heifer
32775 Ranch Trl,315,45.42520297,-92.76490399,Beef Cattle - Feeder/heifer
20898 County Highway 24,490,46.48491497,-96.0453742,Beef Cattle - Feeder/heifer
25610 40th St NE,403,45.37068722,-94.99104819,Beef Cattle - Slaughter/Stock
1958 180th Ave,500,44.13182489,-95.70164997,Beef Cattle - Slaughter/Stock
3365 US Highway 59,760,44.53856548,-95.79722393,Beef Cattle - Slaughter/Stock
25024 Cannon Falls Blvd,950,44.58609148,-92.86524808,Beef Cattle - Slaughter/Stock
42303 286th St,549,44.5354768,-94.1158866,Beef Cattle - Slaughter/Stock
28484 315th Ave SE,678,47.75518845,-95.80833521,Beef Cattle - Slaughter/Stock
42894 470th Ave,450,44.1240528,-95.1394272,Beef Cattle - Slaughter/Stock
28319 260th St,700,43.61642137,-95.68699919,Beef Cattle - Slaughter/Stock
372 60th Ave,990,43.53989402,-96.35204944,Beef Cattle - Slaughter/Stock
1498 238th Ave,359.2,44.26492312,-96.19067835,Beef Cattle - Slaughter/Stock
11411 Chaney Ave,700,43.8284705,-95.98041065,Beef Cattle - Slaughter/Stock
State Highway 9,639,46.70182382,-96.36074372,Beef Cattle - Cow & calf pair
366 231st St,490,44.1852496,-95.99075185,Beef Cattle - Feeder/heifer
36333 County Road 28,490,45.648152,-95.020656,Beef Cattle - Feeder/heifer
8510 5th St NW,395,45.160559,-94.063267,Beef Cattle - Feeder/heifer
2956 County Road 22,570,44.54296634,-95.69516544,Beef Cattle - Slaughter/Stock
1986 330th St,500,44.53057039,-95.90088304,Beef Cattle - Slaughter/Stock
1245 161st St,338,43.71917702,-96.22523969,Beef Cattle - Cow & calf pair
28554 Hesselroth Ave,500,43.57857336,-95.81144709,Beef Cattle - Slaughter/Stock
1141 County Road 10,800,44.55797409,-96.08499296,Beef Cattle - Slaughter/Stock
19455 County Road 28,374,44.12646717,-91.88683176,Beef Cattle - Slaughter/Stock
18742 300th St,312,47.4432023,-95.39043166,Beef Cattle - Cow & calf pair
35475 190th St,992,44.23501284,-94.89359908,Beef Cattle - Slaughter/Stock
2867 County Road 125,525,44.41346444,-96.08679582,Beef Cattle - Feeder/heifer
77321 320th Ave,380.1,43.60587324,-95.43546293,Beef Cattle - Feeder/heifer
1956 31st St,722.4,43.52826644,-96.08186837,Beef Cattle - Slaughter/Stock
Address Unknown,354,44.17353912,-96.28291727,Beef Cattle - Cow & calf pair
789 51st St,990,43.56009014,-96.3147977,Beef Cattle - Slaughter/Stock
43519 260th St,370,46.33960528,-95.58532622,Beef Cattle - Slaughter/Stock
43488 240th St,400,45.55933395,-95.8181737,Beef Cattle - Slaughter/Stock
37140 677th Ave,541,45.28603233,-94.40411625,Beef Cattle - Feeder/heifer
1779 75th Ave,750,44.10664602,-95.91816958,Beef Cattle - Slaughter/Stock
40138 240th Ave,600,44.14065031,-95.27781162,Beef Cattle - Slaughter/Stock
11780 Stearns Line Rd,490,45.77535946,-95.12223058,Beef Cattle - Slaughter/Stock
12701 220th St E,400,44.63086216,-92.84897765,Beef Cattle - Slaughter/Stock
6206 County 6,496,43.84554901,-91.41520818,Beef Cattle - Feeder/heifer
13603 Balsam Rd,499,45.32204887,-94.37490763,Beef Cattle - Slaughter/Stock
15576 268th Ave,360,44.19047582,-94.71364199,Beef Cattle - Slaughter/Stock
Address Unknown,380,44.14683319,-96.42721283,Beef Cattle - Cow & calf pair
8623 Highway 63 NE,407,44.12573202,-92.41910993,Beef Cattle - Cow & calf pair
50926 County Highway 50,665,46.38392716,-95.42965938,Beef Cattle - Feeder/heifer
19151 300th Ave,590,44.23747311,-94.7913021,Beef Cattle - Slaughter/Stock
1374 201st St,500,44.14076301,-96.19190939,Beef Cattle - Slaughter/Stock
549 191st St,740,43.7629402,-96.362572,Beef Cattle - Slaughter/Stock
43306 451st Ave,925,44.32334173,-94.18294282,Beef Cattle - Slaughter/Stock
"T158N, R44W, Sec 24,  NE4, W2 of NE4",329.3,48.49900929,-96.26747049,Beef Cattle - Cow & calf pair
13688 County Road 1,307.5,46.38344678,-95.08082418,Beef Cattle - Slaughter/Stock
18262 150th St SW,420,48.00162017,-96.53391957,Beef Cattle - Feeder/heifer
38009 Pembina Trl NW,643.6,48.42845898,-96.54048147,Beef Cattle - Feeder/heifer
2779 State Hwy 19,304,44.44257801,-96.10716117,Beef Cattle - Feeder/heifer
2059 120th Ave,990,44.35034166,-96.05928419,Beef Cattle - Slaughter/Stock
90173 510th Ave,339.5,43.79272017,-95.05518598,Beef Cattle - Feeder/heifer
760 County Line Ave,816,43.95885121,-96.06413822,Beef Cattle - Cow & calf pair
21745 County Road 2,750,44.27894784,-95.05204382,Beef Cattle - Slaughter/Stock
2377 140th Ave,680,44.19300134,-96.18498976,Beef Cattle - Slaughter/Stock
2309 350th St,315,44.73402671,-95.95397231,Beef Cattle - Feeder/heifer
2818 16th Ave SW,315,46.70638279,-94.35364755,Beef Cattle - Feeder/heifer
1587 County Road 13,315,44.28151652,-96.02120456,Beef Cattle - Slaughter/Stock
1375 250th Ave,382.5,44.76133642,-96.38427722,Beef Cattle - Slaughter/Stock
2389 181st St,500,44.10677224,-95.58549427,Beef Cattle - Slaughter/Stock
23870 County Highway 14,309,46.99188892,-95.90758038,Beef Cattle - Slaughter/Stock
6226 Highway 67,499,44.54360827,-95.39844532,Beef Cattle - Slaughter/Stock
512 190th Ave,906,43.92314579,-96.0815834,Beef Cattle - Slaughter/Stock
363 210th Ave,320,43.90144621,-95.64411168,Beef Cattle - Slaughter/Stock
4934 County Road 12 S,360,45.080848,-93.910244,Beef Cattle - Slaughter/Stock
30691 County Highway 2,360,44.49434036,-94.91862842,Beef Cattle - Cow & calf pair
325 91st St,352,43.97896017,-95.99851802,Beef Cattle - Cow & calf pair
23273 State Highway 4,504,45.4616844,-94.79649227,Beef Cattle - Slaughter/Stock
2909 State Highway 62,983,43.85956973,-95.48058392,Beef Cattle - Slaughter/Stock
47810 193rd Ave,495,46.34382202,-94.93078629,Beef Cattle - Cow & calf pair
2174 61st St,360,43.93536987,-95.62699074,Beef Cattle - Slaughter/Stock
45713 150th St,735,44.17866805,-95.09586299,Beef Cattle - Slaughter/Stock
549 91st St,675,43.9799209,-96.37811554,Beef Cattle - Slaughter/Stock
413 51st St,950,43.55958087,-96.38875957,Beef Cattle - Slaughter/Stock
2548 County Highway 1,990,44.41687896,-96.42249622,Beef Cattle - Slaughter/Stock
6601 100th St SW,599,46.44203453,-94.62778666,Beef Cattle - Cow & calf pair
36 170th Ave,950,43.85329177,-95.7202952,Beef Cattle - Slaughter/Stock
38168 248th St,525.2,44.59430742,-94.03267622,Beef Cattle - Slaughter/Stock
4940 Clearline Rd NW,340,47.51975181,-95.18010067,Beef Cattle - Feeder/heifer
29053 County Road 1,765,44.06142353,-94.9197548,Beef Cattle - Slaughter/Stock
See PLS,600,45.49865717,-95.80927041,Beef Cattle - Slaughter/Stock
3309 State Highway 23,662,44.53319482,-95.75455962,Beef Cattle - Slaughter/Stock
418 110th Ave,400,43.9090156,-95.84146716,Beef Cattle - Slaughter/Stock
9481st St,480,43.96521249,-96.04505417,Beef Cattle - Slaughter/Stock
1603 190th Ave,473.5,44.28377078,-95.91765118,Beef Cattle - Feeder/heifer
12156 US Highway 59,849,43.81738279,-95.59243028,Beef Cattle - Slaughter/Stock
14615 65th St,327.2,44.7084126,-94.28711353,Beef Cattle - Slaughter/Stock
1870 101st St,990,43.62905865,-96.09839,Beef Cattle - Slaughter/Stock
1419 80th Ave,490,44.05356539,-95.90524376,Beef Cattle - Slaughter/Stock
10643 County Road 147,313.5,45.37091565,-94.33343381,Beef Cattle - Feeder/heifer
1446 200th Ave,350,44.05750305,-95.66153386,Beef Cattle - Slaughter/Stock
310 111th St,420,44.00845911,-96.001692,Beef Cattle - Feeder/heifer
350 E Front St,440,44.50678503,-95.41569825,Beef Cattle - Slaughter/Stock
372 140th Ave,345,43.53903562,-96.19218342,Beef Cattle - Cow & calf pair
1361 11th St,632,43.50161449,-96.20120616,Beef Cattle - Slaughter/Stock
895 21st St,990,43.51595503,-96.29343222,Beef Cattle - Slaughter/Stock
1427 190th Ave,528,44.05507429,-95.68550923,Beef Cattle - Slaughter/Stock
6917 25th Ave SW,323,46.55401973,-94.41364822,Beef Cattle - Cow & calf pair
26127 Cannon Falls Blvd,500,44.56990584,-92.87560196,Beef Cattle - Slaughter/Stock
2050 170th Ave,800,43.7805505,-96.12803572,Beef Cattle - Slaughter/Stock
1428 190th Ave,490,44.05539239,-95.68267774,Beef Cattle - Slaughter/Stock
1978 181st St,487,43.74562227,-96.07640203,Beef Cattle - Slaughter/Stock
63511 380th St,350,45.29734742,-94.48962422,Beef Cattle - Slaughter/Stock
26797 390th St,367.5,47.57134993,-95.21473054,Beef Cattle - Cow & calf pair
69480 Highway 89 NW,890,48.28162262,-95.47568417,Beef Cattle - Cow & calf pair
2758 131st St,325,44.0368266,-95.510112,Beef Cattle - Slaughter/Stock
38951 300th St,560,45.46851593,-95.71955467,Beef Cattle - Feeder/heifer
25654 450th Ave,445,48.77382177,-95.63602355,Beef Cattle - Slaughter/Stock
19243 Bulick Ave,850,43.71418963,-95.9941512,Beef Cattle - Slaughter/Stock
21342 190th Ave N,475,47.12223558,-96.35704154,Beef Cattle - Cow & calf pair
Address Unknown,572,43.66890377,-96.01048726,Beef Cattle - Slaughter/Stock
1258 170th Ave,995,43.66793772,-94.53228056,Beef Cattle - Slaughter/Stock
30523 State Highway 104,597.2,45.45768789,-95.25763476,Beef Cattle - Slaughter/Stock
13252 County Road 3,900,44.19738121,-94.98795248,Beef Cattle - Slaughter/Stock
3168 240th Ave,975,44.51121188,-95.81706551,Beef Cattle - Slaughter/Stock
1458 170th Ave,335,44.06024192,-96.12441516,Beef Cattle - Feeder/heifer
4450 120th St,411,48.57280439,-96.49387594,Beef Cattle - Cow & calf pair
16800 542nd Ln,405.2,44.03451648,-94.11633367,Beef Cattle - Cow & calf pair
135 140th Ave,995,43.86806697,-96.18540446,Beef Cattle - Slaughter/Stock
16907 90th St SE,495,43.89050895,-92.14136568,Beef Cattle - Slaughter/Stock
40394 280th St,750,45.5008736,-95.75527009,Beef Cattle - Slaughter/Stock
49661 350th St,600,44.43930143,-94.26466462,Beef Cattle - Slaughter/Stock
1648 110th St,693,44.2108746,-95.96782486,Beef Cattle - Feeder/heifer
26914 181st Ave,605.6,46.61203416,-94.9893682,Beef Cattle - Cow & calf pair
2748 290th Ave,695,44.47696974,-96.10995163,Beef Cattle - Feeder/heifer
17668 County Road 43,499,45.37275704,-94.55665642,Beef Cattle - Slaughter/Stock
27673 County Road 18,550,45.58528183,-95.49504254,Beef Cattle - Slaughter/Stock
22628 Kirby Ave E,400,44.6206728,-92.87274358,Beef Cattle - Slaughter/Stock
13343 County Road 10,350,44.15555573,-94.69083405,Beef Cattle - Feeder/heifer
22487 US Highway 59,600,43.66778358,-95.5954674,Beef Cattle - Slaughter/Stock
15249 430th Ave,325,43.70635292,-94.00748791,Beef Cattle - Slaughter/Stock
6707 130th St,480,44.80352284,-94.12602422,Beef Cattle - Slaughter/Stock
26850 County Road 12,316.6,46.64458012,-94.80781176,Beef Cattle - Cow & calf pair
12893 350th Ave,450,44.14949219,-94.88279534,Beef Cattle - Slaughter/Stock
5155 590th Ave,661.5,45.6093204,-96.65961755,Beef Cattle - Cow & calf pair
51551 State Highway 13,376,44.23702142,-93.58565043,Beef Cattle - Slaughter/Stock
33828 270th Ave,338,45.41386472,-95.47242548,Beef Cattle - Slaughter/Stock
2080 21st St,404.6,43.87970292,-95.64684268,Beef Cattle - Slaughter/Stock
2262 205th Ave,340,44.17644257,-95.65160298,Beef Cattle - Slaughter/Stock
52219 County Road 17,350,43.86210614,-95.05807765,Beef Cattle - Slaughter/Stock
12210 71st Ave SW,420,46.35809821,-94.65344697,Beef Cattle - Feeder/heifer
37848 631st Ave,569.4,44.40133119,-94.53507762,Beef Cattle - Slaughter/Stock
76482 250th St,970,44.69328188,-95.17786405,Beef Cattle - Slaughter/Stock
5891 600th Ave,499,43.57013869,-93.66848098,Beef Cattle - Slaughter/Stock
29802 County Road 1,340,44.05294823,-94.91763908,Beef Cattle - Slaughter/Stock
PO Box 290,699.3,46.34917665,-94.68247872,Beef Cattle - Feeder/heifer
30821 150th St,392,45.84611917,-94.74652922,Beef Cattle - Slaughter/Stock
980 105th Ave,850,43.9898494,-95.85181966,Beef Cattle - Slaughter/Stock
42379 240th St,400,44.60128573,-94.12662975,Beef Cattle - Slaughter/Stock
57077 385th St,390,45.30406381,-94.6216059,Beef Cattle - Feeder/heifer
1132 210th Ave,470,44.70373554,-96.43342837,Beef Cattle - Slaughter/Stock
 ,496,45.58764579,-95.87647389,Beef Cattle - Slaughter/Stock
2313 150th Ave,600,43.81731915,-96.17496361,Beef Cattle - Slaughter/Stock
71st St,800,43.67631676,-96.23998086,Beef Cattle - Slaughter/Stock
27613 240th Ave,337,46.97225753,-95.89787745,Beef Cattle - Feeder/heifer
18258 Fellows Ave,342,43.73027832,-95.83022218,Beef Cattle - Feeder/heifer
28333 284th St,595,46.04034304,-94.77465628,Beef Cattle - Slaughter/Stock
16357 340th Ave,600,44.20094382,-94.86896277,Beef Cattle - Slaughter/Stock
17055 Arrowhead Rd,439.5,43.61087508,-91.75788776,Beef Cattle - Cow & calf pair
6515 71st Ave SW,485,46.56673452,-94.65773308,Beef Cattle - Cow & calf pair
174 81st St,550,43.600858,-96.438282,Beef Cattle - Slaughter/Stock
3264 280th St E,834,44.54280494,-93.04023552,Beef Cattle - Slaughter/Stock
1956 81st St,750,43.96644578,-95.67209731,Beef Cattle - Slaughter/Stock
22369 County Highway 28,610,47.14964683,-95.92989507,Beef Cattle - Feeder/heifer
13336 520th Ave,450,43.68082159,-93.82720139,Beef Cattle - Slaughter/Stock
10061 92nd Ave SE,670,45.4251505,-93.9707255,Beef Cattle - Slaughter/Stock
4242 355th St,350,48.91480271,-96.52901812,Beef Cattle - Feeder/heifer
41730 280th Street,490,45.41406824,-95.77542266,Beef Cattle - Slaughter/Stock
2743 300th St,400,44.48684939,-95.74721645,Beef Cattle - Slaughter/Stock
1335 80th St,350,43.59999091,-94.6045164,Beef Cattle - Feeder/heifer
Address Unknown,750,44.44354759,-95.12518071,Beef Cattle - Slaughter/Stock
Address Unknown,335,43.89309031,-91.71493866,Beef Cattle - Slaughter/Stock
Address Unknown,650,44.67316763,-93.01951587,Beef Cattle - Slaughter/Stock
480 170th Ave NE,310,45.36689551,-95.27603919,Beef Cattle - Cow & calf pair
342 State Highway 91,460,43.89812492,-95.94188969,Beef Cattle - Slaughter/Stock
2640 231st St,490,44.18153035,-95.52290848,Beef Cattle - Slaughter/Stock
34666 641st Ave,395,44.44658564,-94.55393389,Beef Cattle - Slaughter/Stock
34908 221st Ave,380,44.44785603,-93.70457066,Beef Cattle - Slaughter/Stock
1826 270th Ave,325.6,45.98179983,-93.34763321,Beef Cattle - Slaughter/Stock
75192 400th Ave,900,43.57585922,-95.27333776,Beef Cattle - Slaughter/Stock
1120 120th Ave,900,44.01069174,-95.82203921,Beef Cattle - Slaughter/Stock
3544 US Highway 75,995,44.56310271,-96.2732164,Beef Cattle - Slaughter/Stock
74208 360th St,600,45.26831339,-94.27879336,Beef Cattle - Slaughter/Stock
20405 County Road 17,455,45.73060262,-94.54646687,Beef Cattle - Slaughter/Stock
9908 90th Ave,750,45.42854756,-93.97475817,Beef Cattle - Slaughter/Stock
2159 State Highway 30,684,44.06306518,-95.63128337,Beef Cattle - Slaughter/Stock
13699 Deer Rd,455,43.55312273,-91.85736019,Beef Cattle - Feeder/heifer
PO Box 37,900,44.24803752,-94.9545042,Beef Cattle - Slaughter/Stock
35397 120th St NE,497,48.04770446,-95.71393327,Beef Cattle - Feeder/heifer
2891 120th St,386,44.22506263,-95.71656669,Beef Cattle - Feeder/heifer
125 90th Ave,350,43.50222949,-96.29332665,Beef Cattle - Slaughter/Stock
49164 735th St,600,43.55138861,-95.08847724,Beef Cattle - Slaughter/Stock
25804 173rd St,314.6,46.01316108,-94.11859357,Beef Cattle - Slaughter/Stock
235th St,684.8,43.65238044,-95.86409751,Beef Cattle - Slaughter/Stock
18914 360th St,455,46.15005826,-94.97955127,Beef Cattle - Feeder/heifer
585 160th Ave NE,440,45.38375846,-95.29630946,Beef Cattle - Cow & calf pair
17814 County Road 22,396,46.17154038,-95.02068316,Beef Cattle - Slaughter/Stock
421 200th Ave,400,43.54571373,-96.07420743,Beef Cattle - Slaughter/Stock
66265 268th St,949,45.13250195,-94.4334665,Beef Cattle - Slaughter/Stock
15835 350th Ave,750,44.19218239,-94.8811804,Beef Cattle - Slaughter/Stock
17303 State Highway 68,401.4,44.4008995,-95.44433368,Beef Cattle - Slaughter/Stock
31341 700th Ave,498,45.20112332,-94.35809762,Beef Cattle - Cow & calf pair
42833 240th St,999,44.137102,-95.2242488,Beef Cattle - Slaughter/Stock
2565 160th Ave,360,44.42552609,-95.97852103,Beef Cattle - Feeder/heifer
1225 200th St,480,43.77590106,-94.62930151,Beef Cattle - Cow & calf pair
2098 Svaboda Dr SE,399,45.76600594,-95.34599915,Beef Cattle - Slaughter/Stock
2530 280th St,760,44.76662417,-96.09051402,Beef Cattle - Slaughter/Stock
1131 210th Ave,575,44.01219995,-95.64612233,Beef Cattle - Slaughter/Stock
3125 350th St,900,44.55772191,-95.66051602,Beef Cattle - Slaughter/Stock
340 30th Ave NE,498.9,45.34530742,-95.56445985,Beef Cattle - Slaughter/Stock
33424 183rd St,470,46.02810802,-93.9694123,Beef Cattle - Cow & calf pair
80498 290th St,700,44.07087798,-94.45656387,Beef Cattle - Slaughter/Stock
2563 121st St,990,44.01588953,-95.54979509,Beef Cattle - Slaughter/Stock
42541 120th St,990,44.19480019,-93.5270474,Beef Cattle - Slaughter/Stock
1207 290th Ave,630,43.66005443,-94.28776789,Beef Cattle - Feeder/heifer
3873 470th Ave,775,48.87567506,-96.43005115,Beef Cattle - Cow & calf pair
3771 Poplar Grove Dr,318.3,43.69539671,-91.32857812,Beef Cattle - Slaughter/Stock
368 40th Ave,970,43.53855914,-96.3905365,Beef Cattle - Slaughter/Stock
54736 310th St,555,44.03878033,-94.99751538,Beef Cattle - Slaughter/Stock
46105 Co Rd 11,400,44.16618757,-95.1589558,Beef Cattle - Slaughter/Stock
30668 County Rd 19,340,43.89892727,-91.66756891,Beef Cattle - Cow & calf pair
44868 225th St,350,45.44832757,-95.04088118,Beef Cattle - Slaughter/Stock
1171 130th Ave,990,44.01788859,-95.80512996,Beef Cattle - Slaughter/Stock
32286 Fairview Ave,700,44.51494143,-95.39113095,Beef Cattle - Slaughter/Stock
County Road 23,499.1,46.75260857,-95.08324393,Beef Cattle - Feeder/heifer
17270 125th Ave N,340,45.18143127,-93.49874365,Beef Cattle - Slaughter/Stock
45235 150th Ave SW,411,47.50504247,-96.36863659,Beef Cattle - Feeder/heifer
3263 32nd St SW,334,46.6891559,-94.515318,Beef Cattle - Cow & calf pair
13698 County Road 3,550,45.71573531,-95.7363185,Beef Cattle - Slaughter/Stock
1588 130th St N,488.5,44.84889017,-96.33036812,Beef Cattle - Cow & calf pair
70398 420th Ave,450,43.51496085,-95.23462205,Beef Cattle - Slaughter/Stock
26185 County 5 Blvd,493,44.50802689,-92.50821862,Beef Cattle - Slaughter/Stock
2718 310th St,495,44.50127149,-95.75216878,Beef Cattle - Slaughter/Stock
Highway 59 N,399.8,47.53861237,-95.97972107,Beef Cattle - Slaughter/Stock
22704 Cornell Rd,360,47.69900654,-94.50180765,Beef Cattle - Feeder/heifer
22327 Bagley Ave,312,44.26407763,-93.30289965,Beef Cattle - Slaughter/Stock
15563 340th Ave,550,45.67235488,-95.62880021,Beef Cattle - Slaughter/Stock
22235 Church Rd,321.3,43.5260014,-91.53623922,Beef Cattle - Cow & calf pair
288 20th Ave,400,43.52775856,-96.43068568,Beef Cattle - Slaughter/Stock
1444 196th Ave,462,43.69477208,-94.47745815,Beef Cattle - Slaughter/Stock
1124 141st St,670,43.68792254,-96.24712321,Beef Cattle - Slaughter/Stock
15810 Square Lake Tr,475,45.1579173,-92.89427521,Beef Cattle - Cow & calf pair
16618 County Highway 116,720,46.29841399,-96.13628187,Beef Cattle - Feeder/heifer
21990 Highway 34,700,46.6618786,-96.3415051,Beef Cattle - Slaughter/Stock
2358 290th Ave,366,48.73948746,-96.8210471,Beef Cattle - Feeder/heifer
18960 30th St SE,999,44.94004033,-95.00291964,Beef Cattle - Slaughter/Stock
19838 233rd St,360,47.80433474,-96.03086554,Beef Cattle - Cow & calf pair
1448 150th Ave,920,44.05855331,-96.15841903,Beef Cattle - Slaughter/Stock
7714 260th Ave,340,45.87401367,-94.11122769,Beef Cattle - Cow & calf pair
3543 US Highway 59,895,44.56394339,-95.79828087,Beef Cattle - Slaughter/Stock
14588 127th St,423.2,45.71907148,-95.22663057,Beef Cattle - Feeder/heifer
11761 92nd Ave,622,45.93054557,-94.46662738,Beef Cattle - Cow & calf pair
1871 County Highway 8,450,44.32310649,-96.12092187,Beef Cattle - Slaughter/Stock
2590 121st St,990,44.02198926,-95.54502083,Beef Cattle - Slaughter/Stock
2830 280th St,620,45.06652257,-96.07912247,Beef Cattle - Cow & calf pair
19210 Palm Ave,975,43.71500316,-95.63302509,Beef Cattle - Slaughter/Stock
15681 450th St SW,525,47.51198795,-96.40630452,Beef Cattle - Feeder/heifer
1442 111th St,500,44.0102066,-96.17727865,Beef Cattle - Slaughter/Stock
1182 160th Ave,500,44.22287448,-95.97746461,Beef Cattle - Slaughter/Stock
118 150th Ave,775,43.50198494,-96.17027688,Beef Cattle - Slaughter/Stock
1420 20th Ave,545,44.05440696,-96.02241832,Beef Cattle - Slaughter/Stock
490 151st St,490,44.06742645,-95.96676401,Beef Cattle - Slaughter/Stock
14242 County Road 9,420,44.82175643,-94.03937951,Beef Cattle - Cow & calf pair
44 165th Ave,539.5,43.85528249,-96.13366993,Beef Cattle - Feeder/heifer
1142 250th St,550,44.41685467,-96.4377348,Beef Cattle - Slaughter/Stock
944 110th Ave,999,43.62230005,-94.65436823,Beef Cattle - Slaughter/Stock
13090 200th St SE,418,47.87587215,-96.19123729,Beef Cattle - Cow & calf pair
10256 330th St,348,43.51477808,-96.04795573,Beef Cattle - Feeder/heifer
2281 County Road 7,990,44.38250994,-95.81669163,Beef Cattle - Slaughter/Stock
18216 470th Ave,709,43.74931515,-93.92724883,Beef Cattle - Slaughter/Stock
2424 110th Ave,990,43.83612348,-96.25172256,Beef Cattle - Slaughter/Stock
2274 330th Ave,999,46.07210618,-93.24832599,Beef Cattle - Slaughter/Stock
12733 County Road 23,699.3,46.40908116,-95.00991544,Beef Cattle - Feeder/heifer
38331 County Road 122,655,48.59806637,-95.76976029,Beef Cattle - Slaughter/Stock
18012 County Road 110 SE,490,43.8904949,-92.12053761,Beef Cattle - Feeder/heifer
7731 260th St W,480,44.2118725,-93.41950502,Beef Cattle - Slaughter/Stock
15071 Palm Ave,350,43.77065606,-95.64073927,Beef Cattle - Feeder/heifer
1454 300th St,760,44.48748051,-96.00845655,Beef Cattle - Slaughter/Stock
30099 County Highway 6,410,44.48664376,-95.22943957,Beef Cattle - Slaughter/Stock
See location description,570,48.41462988,-96.12584584,Beef Cattle - Feeder/heifer
2756 210th St,637.5,44.41942003,-95.62177988,Beef Cattle - Slaughter/Stock
602 Railway,360,46.4965383,-95.67528676,Beef Cattle - Cow & calf pair
18423 Ridge Rd,400,44.21965333,-93.63399345,Beef Cattle - Slaughter/Stock
Address Unknown,440,46.47955295,-95.32460373,Beef Cattle - Feeder/heifer
24026 Edwards Ave,377,43.64453401,-95.87221408,Beef Cattle - Feeder/heifer
1196 111th St,700,44.0083883,-95.82439391,Beef Cattle - Slaughter/Stock
10935 County Road 21 SW,750,45.79853519,-95.44955049,Beef Cattle - Slaughter/Stock
2811 County Road 22,400,44.54307934,-95.7249674,Beef Cattle - Slaughter/Stock
451 241st St,490,44.19494379,-95.97365173,Beef Cattle - Slaughter/Stock
23014 260th St,394,43.7306882,-92.19075954,Beef Cattle - Feeder/heifer
14535 40th St SE,391,43.96299046,-92.18843614,Beef Cattle - Slaughter/Stock
1519 120th Ave,500,44.06751944,-95.82519112,Beef Cattle - Slaughter/Stock
58593 460th St,360,45.23830594,-96.130493,Beef Cattle - Cow & calf pair
18822 180th Ave,319.2,48.66247654,-96.1970737,Beef Cattle - Feeder/heifer
1053 120th Ave,900,43.99979099,-95.82506353,Beef Cattle - Slaughter/Stock
1892 330th Ave,700,44.3254445,-95.63410249,Beef Cattle - Slaughter/Stock
26839 233rd St,650,46.09879042,-94.09559544,Beef Cattle - Slaughter/Stock
2019 State Highway 91,359.2,44.14088344,-95.9446206,Beef Cattle - Slaughter/Stock
45713 255th Ave SE,800,47.50452107,-95.93069258,Beef Cattle - Slaughter/Stock
37581 193rd St,342.5,46.0391353,-93.88194516,Beef Cattle - Feeder/heifer
28951 Arkansas Ave,475,44.53016651,-93.10109243,Beef Cattle - Slaughter/Stock
32126 230th St,800,43.66096067,-95.6104728,Beef Cattle - Slaughter/Stock
20776 220th St,716,43.67392054,-95.83791738,Beef Cattle - Slaughter/Stock
65559 Co Rd 3,434,44.53592183,-94.80599789,Beef Cattle - Feeder/heifer
2718 US Highway 14,850,44.23961476,-95.75091015,Beef Cattle - Slaughter/Stock
1233 130th Ave,900,44.02639927,-95.80516075,Beef Cattle - Slaughter/Stock
2413 150th St,482.5,44.75244589,-96.36155729,Beef Cattle - Cow & calf pair
2368 190th St,950,44.32867908,-96.18492846,Beef Cattle - Slaughter/Stock
12868 Lindberg Lake Rd,307.9,47.63190007,-95.51475089,Beef Cattle - Slaughter/Stock
23806 County Highway 6,500,44.39583892,-95.26914141,Beef Cattle - Slaughter/Stock
80398 280th St,374,44.75095249,-95.11683054,Beef Cattle - Slaughter/Stock
40201 Gorman Lake Rd,400,44.36524695,-93.65648711,Beef Cattle - Slaughter/Stock
437 141st St,850,44.04901143,-95.97735035,Beef Cattle - Slaughter/Stock
44802 County Road 16,700,45.45731798,-95.04184727,Beef Cattle - Slaughter/Stock
11427 450th Ave,990,44.13054346,-95.08160556,Beef Cattle - Slaughter/Stock
285 31st St,437,43.53075404,-96.41454719,Beef Cattle - Slaughter/Stock
17744 County 1 Blvd,408,44.46189214,-92.67386247,Beef Cattle - Slaughter/Stock
19492 Biscayne Ave,324,44.66694079,-93.11413731,Beef Cattle - Cow & calf pair
8613 225th Ave SW,560,44.90514084,-95.16064323,Beef Cattle - Feeder/heifer
22007 Amundson Rd,375,43.52771808,-91.50774578,Beef Cattle - Slaughter/Stock
2010 140th St,999,44.25426935,-95.89169209,Beef Cattle - Slaughter/Stock
32673 305th Ave,420,43.82722513,-92.04206097,Beef Cattle - Slaughter/Stock
36299 Corral Rd NE,510,47.89331303,-94.54808126,Beef Cattle - Slaughter/Stock
13978 Zero Ave,319,44.81762167,-94.0164926,Beef Cattle - Slaughter/Stock
30618 210th St,493.5,43.6890621,-95.64104826,Beef Cattle - Slaughter/Stock
8305 250th St W,338.5,44.58834907,-93.23369827,Beef Cattle - Feeder/heifer
2064 160th Ave,420,43.7844579,-94.55241634,Beef Cattle - Feeder/heifer
750 Rhoades Ave NW,360.3,45.16450615,-94.23844514,Beef Cattle - Feeder/heifer
20994 County Road 30,505,44.5006628,-95.36795617,Beef Cattle - Slaughter/Stock
14958 143rd Ave,499,45.35418941,-94.40406764,Beef Cattle - Slaughter/Stock
24682 470th Ave,805,46.32053136,-95.51136525,Beef Cattle - Slaughter/Stock
15137 430th St SW,369.4,47.5413157,-96.36840767,Beef Cattle - Cow & calf pair
18550 135th St SW,580,44.94324097,-95.22888788,Beef Cattle - Slaughter/Stock
12391 County Road 11,464.1,46.83988142,-94.95357462,Beef Cattle - Feeder/heifer
24026 State Highway 266,637.6,43.74489547,-95.75562584,Beef Cattle - Slaughter/Stock
3327 20th St SW,442,45.124005,-93.957428,Beef Cattle - Slaughter/Stock
Address Unknown,350,44.60325721,-92.84096664,Beef Cattle - Feeder/heifer
7090 1st St E,860,45.02140051,-95.45028713,Beef Cattle - Slaughter/Stock
410 141st St,495,44.05236545,-95.98171045,Beef Cattle - Slaughter/Stock
33922 State Highway 19,586,44.52897792,-93.93182621,Beef Cattle - Slaughter/Stock
Address Unknown,695,43.66562986,-96.42988597,Beef Cattle - Slaughter/Stock
18000 County Road 48,536,45.37832859,-94.33333708,Beef Cattle - Slaughter/Stock
9283 County Road 6 SW,309,45.01812146,-94.06856774,Beef Cattle - Slaughter/Stock
12335 County Road 23,605,45.79239651,-95.84645205,Beef Cattle - Slaughter/Stock
17526 State Highway 66,328,44.0562942,-94.05107838,Beef Cattle - Cow & calf pair
381 151st St,600,43.70693145,-96.39538421,Beef Cattle - Slaughter/Stock
26624 500th Ave,400,46.34942479,-95.44846705,Beef Cattle - Cow & calf pair
See PLS,740,45.49388658,-95.84265272,Beef Cattle - Slaughter/Stock
17798 305th Ave,369,46.0196631,-94.01705738,Beef Cattle - Slaughter/Stock
23627 450th Ave,950,44.14226908,-95.18006532,Beef Cattle - Slaughter/Stock
682 60th Ave,420,43.58528774,-94.75423679,Beef Cattle - Feeder/heifer
1632 81st St,965,43.96473195,-96.13721307,Beef Cattle - Slaughter/Stock
2556 400th St,371,44.76993683,-95.84866212,Beef Cattle - Feeder/heifer
1817 90th Ave,306,44.1117263,-95.88477849,Beef Cattle - Slaughter/Stock
25516 230th St,320,43.61433183,-95.78662205,Beef Cattle - Slaughter/Stock
29846 300th St,800,44.485293,-95.19162987,Beef Cattle - Slaughter/Stock
32355 County 30,356,43.51569315,-92.00370992,Beef Cattle - Slaughter/Stock
38468 US Hwy 14,900,44.23913365,-95.01284131,Beef Cattle - Slaughter/Stock
2516 360th St,618,44.57208606,-95.78446637,Beef Cattle - Slaughter/Stock
760 135th Ave SW,494.4,44.99939612,-95.05341064,Beef Cattle - Slaughter/Stock
315 245th Ave,500,43.53132102,-94.37773556,Beef Cattle - Slaughter/Stock
2193 44th St SW,471.5,46.64582532,-94.39746602,Beef Cattle - Cow & calf pair
54451 State Highway 210,630,46.32569172,-95.34666211,Beef Cattle - Cow & calf pair
1625 340th St,826,44.54339985,-95.97001535,Beef Cattle - Slaughter/Stock
12700 180th St,600,43.73209604,-95.99926408,Beef Cattle - Slaughter/Stock
5914 120th St SW,601.8,46.36039704,-94.47222167,Beef Cattle - Feeder/heifer
2656 220th Ave,497,44.72309829,-96.12174032,Beef Cattle - Feeder/heifer
30082 293rd Ave,437,45.56066925,-94.72238051,Beef Cattle - Slaughter/Stock
7921 County Road 8,999,46.26502668,-93.92614241,Beef Cattle - Slaughter/Stock
7003 140th Ave NE,749.9,44.10011802,-92.19931182,Beef Cattle - Slaughter/Stock
18262 320th St,432.5,43.52918717,-95.88842935,Beef Cattle - Slaughter/Stock
1185 131st St,900,44.03603343,-95.82554231,Beef Cattle - Slaughter/Stock
2055 170th Ave,485,44.6457138,-96.2447143,Beef Cattle - Slaughter/Stock
21413 Skyview Ave,442,44.36031381,-95.004264,Beef Cattle - Slaughter/Stock
16839 County Road 3,400,44.20724328,-94.98941496,Beef Cattle - Slaughter/Stock
1857 US Highway 59,425,43.9955329,-95.75263245,Beef Cattle - Slaughter/Stock
30469 350th Ave,357.5,45.46497318,-95.65236828,Beef Cattle - Slaughter/Stock
2135 State Highway 30,950,44.0645696,-95.63673494,Beef Cattle - Slaughter/Stock
19775 State Highway 91,900,43.70587659,-95.93569791,Beef Cattle - Slaughter/Stock
727 50th Ave,410,43.59066511,-96.37285824,Beef Cattle - Feeder/heifer
770 120th Ave NW,499,45.40812562,-95.83230741,Beef Cattle - Slaughter/Stock
56 175th Ave,500,43.85690599,-96.11471297,Beef Cattle - Slaughter/Stock
78643 County Road 6,990,44.72582566,-95.2225276,Beef Cattle - Slaughter/Stock
255 60th St NW,450,45.38597758,-95.65142519,Beef Cattle - Slaughter/Stock
923 151st St,528.8,43.70655928,-96.28776131,Beef Cattle - Slaughter/Stock
864 10th Ave,490,43.97407009,-96.04189541,Beef Cattle - Slaughter/Stock
13982 450th St,430,45.77586222,-94.36814265,Beef Cattle - Cow & calf pair
17239 200th St,560,46.51243845,-95.00486301,Beef Cattle - Feeder/heifer
44427 170th Ave NE,341,48.51639315,-96.06179654,Beef Cattle - Cow & calf pair
21387 County 20,308,43.58194876,-92.22655266,Beef Cattle - Feeder/heifer
125 150th Ave,900,43.86584609,-96.17099164,Beef Cattle - Slaughter/Stock
39714 391st Ln,327.5,46.57665397,-93.68785589,Beef Cattle - Cow & calf pair
11442 County 3,443,43.61479093,-92.42169364,Beef Cattle - Slaughter/Stock
5869 222nd St E,735,44.62777426,-92.98713195,Beef Cattle - Slaughter/Stock
2059 County Road 74,500,44.41412837,-95.87641761,Beef Cattle - Slaughter/Stock
36736 189th Ave,498.4,46.76088955,-94.97508197,Beef Cattle - Feeder/heifer
1162 140th Ave,350,44.01665598,-95.78364935,Beef Cattle - Feeder/heifer
33038 County Road 56,510,43.97765102,-95.4208077,Beef Cattle - Slaughter/Stock
39434 470th Ave,500,43.91416158,-95.13918936,Beef Cattle - Slaughter/Stock
31167 Harrow Rd,311,43.80536194,-92.02206073,Beef Cattle - Cow & calf pair
37020 County 1 Blvd,400,44.40093963,-92.8683391,Beef Cattle - Slaughter/Stock
30012 213th St,984.8,46.07183876,-94.02873393,Beef Cattle - Slaughter/Stock
1205 Brunswick Rd,444.9,45.59594517,-93.08927604,Beef Cattle - Cow & calf pair
28280 75th Ave N,415.6,46.9584265,-96.20951067,Beef Cattle - Cow & calf pair
2854 220th Ave,350,44.71942899,-96.08111291,Beef Cattle - Slaughter/Stock
3161 230th Ave,990,44.51039617,-95.83694361,Beef Cattle - Slaughter/Stock
2287 205th Ave,420,44.17910821,-95.65423647,Beef Cattle - Slaughter/Stock
47084 280th St,400,45.5045964,-95.89933661,Beef Cattle - Slaughter/Stock
29813 151st Ave,360,43.78458967,-92.35131243,Beef Cattle - Slaughter/Stock
50240 730th St,999,43.54579677,-95.06981599,Beef Cattle - Slaughter/Stock
150 180th Ave,350,43.86974665,-96.10362341,Beef Cattle - Slaughter/Stock
39321 134th St,400,43.54817249,-91.86509687,Beef Cattle - Slaughter/Stock
541 11th St,999,43.86143958,-96.35893447,Beef Cattle - Slaughter/Stock
1794 Highway 75,850,44.65911192,-96.27673231,Beef Cattle - Slaughter/Stock
8183 347th Ave,400,43.60734427,-94.16758063,Beef Cattle - Slaughter/Stock
25564 460th Ave,900,44.11417199,-95.16060116,Beef Cattle - Slaughter/Stock
273 40th Ave,898,43.52567706,-96.39356172,Beef Cattle - Slaughter/Stock
25385 US Hwy 59,930,45.5371563,-95.92010336,Beef Cattle - Slaughter/Stock
660 110th St SW,365,45.16604168,-95.70720441,Beef Cattle - Slaughter/Stock
72630 385th Ave,408,43.53843014,-95.30466989,Beef Cattle - Cow & calf pair
700 Hwy 29 SW,999,45.25698829,-95.60356116,Beef Cattle - Slaughter/Stock
32761 70th St,999,43.58696431,-94.20132452,Beef Cattle - Slaughter/Stock
23717 151st Ave,444,43.69786254,-92.3518406,Beef Cattle - Feeder/heifer
14481 127th Ave,843,45.84441619,-95.10226747,Beef Cattle - Slaughter/Stock
Address Unknown,364.8,45.32793449,-94.45206982,Beef Cattle - Feeder/heifer
67451 380th St,392.5,45.29687872,-94.40981955,Beef Cattle - Cow & calf pair
12417 Nichols Spring Dr,655,43.85076624,-92.03428477,Beef Cattle - Slaughter/Stock
1975 41st St,930,43.9066434,-96.10749442,Beef Cattle - Slaughter/Stock
5124 220th Ave,490,44.71910541,-95.6219929,Beef Cattle - Slaughter/Stock
2645 150th Ave,400,44.4357542,-95.99889614,Beef Cattle - Slaughter/Stock
38135 460th St,463.5,46.62867452,-95.69819609,Beef Cattle - Cow & calf pair
2239 County Highway 17,381.5,44.5017966,-96.21290009,Beef Cattle - Cow & calf pair
10384 270th St,330,43.60267935,-96.04601333,Beef Cattle - Cow & calf pair
6790 175th Ave NE,341.7,45.66203299,-93.80239394,Beef Cattle - Feeder/heifer
19626 County Highway 30,500,44.5061845,-95.39858834,Beef Cattle - Slaughter/Stock
55 170th Ave,990,43.85633652,-95.72685381,Beef Cattle - Slaughter/Stock
25098 County Road 7,307.2,44.32387446,-94.83740748,Beef Cattle - Slaughter/Stock
10216 430th Ave,672,44.18011387,-93.5597372,Beef Cattle - Feeder/heifer
3607 141st Ave,425,45.18287657,-96.37448705,Beef Cattle - Slaughter/Stock
4810 County 9,375,43.77550942,-91.54632556,Beef Cattle - Slaughter/Stock
27788 State Hwy 19,499,44.54151492,-95.23379844,Beef Cattle - Slaughter/Stock
13945 260th Ave,309.5,45.70665706,-95.47711608,Beef Cattle - Feeder/heifer
2631 State Highway 30,480,44.04956918,-95.53550378,Beef Cattle - Slaughter/Stock
2125 360th St,315.5,44.56740458,-96.22753399,Beef Cattle - Cow & calf pair
2279 County Highway 8,499,44.3843923,-96.12243971,Beef Cattle - Slaughter/Stock
Address Unknown,995,44.60240768,-95.56183138,Beef Cattle - Slaughter/Stock
4307 210th St N,848,48.70443181,-96.51555215,Beef Cattle - Cow & calf pair
20917 County Highway 29,630,46.26736629,-96.03920455,Beef Cattle - Feeder/heifer
13255 120th St,560,46.69925335,-96.54898118,Beef Cattle - Slaughter/Stock
51454 270th St,425,44.0957472,-95.05108783,Beef Cattle - Slaughter/Stock
1535 90th Ave,540,44.07197667,-96.28754058,Beef Cattle - Feeder/heifer
51348 140th St,490,43.55953929,-93.02191529,Beef Cattle - Feeder/heifer
12222 79th Ave SW,699.3,46.35870326,-94.69567245,Beef Cattle - Feeder/heifer
19997 LeSeuer Ave,308,44.2981479,-93.51734726,Beef Cattle - Feeder/heifer
16520 700th Ave,620,43.59451721,-92.64894946,Beef Cattle - Slaughter/Stock
55617 County Road 13,995,43.87662943,-94.96814656,Beef Cattle - Slaughter/Stock
9652 County Road 8,350,45.39049642,-94.30925383,Beef Cattle - Slaughter/Stock
22887 County Road 10,559.1,45.46998149,-95.39667,Beef Cattle - Cow & calf pair
23836 343rd Ave,449,45.46850517,-94.82474269,Beef Cattle - Slaughter/Stock
602 Railway,354,46.51125638,-95.63422182,Beef Cattle - Feeder/heifer
652 60th Ave,400,43.57881313,-96.34887172,Beef Cattle - Slaughter/Stock
32371 State Highway 16,490,43.68923703,-92.00307019,Beef Cattle - Slaughter/Stock
2104 Co Rd 20,700,44.35549014,-95.87597304,Beef Cattle - Slaughter/Stock
13451 County Road 2,600,44.15697003,-95.06290792,Beef Cattle - Slaughter/Stock
266 State Highway 30,411.5,43.99650253,-96.41566242,Beef Cattle - Slaughter/Stock
27615 511th Ave,400,44.55493345,-94.29499468,Beef Cattle - Slaughter/Stock
34415 221st Ave,353,44.45148314,-93.69949096,Beef Cattle - Slaughter/Stock
1632 150th Ave,890,43.72770754,-94.57201703,Beef Cattle - Slaughter/Stock
47409 275th St,465,46.36277771,-95.50250244,Beef Cattle - Slaughter/Stock
1421 State Highway 268,860,43.87942792,-96.18687358,Beef Cattle - Slaughter/Stock
2731 450th Ave,384,44.79525033,-95.74729266,Beef Cattle - Feeder/heifer
2886 County Road 2,540,44.31221193,-95.71745534,Beef Cattle - Slaughter/Stock
15417 400th Ave SE,399.2,47.94360637,-95.63348653,Beef Cattle - Cow & calf pair
46369 780th St,525,43.61576261,-95.1476074,Beef Cattle - Feeder/heifer
1767 230th Ave,650,44.30726133,-95.83645543,Beef Cattle - Slaughter/Stock
19581 170th St,591,44.21047147,-94.57223587,Beef Cattle - Slaughter/Stock
1937 County Highway 18,895,44.55547981,-96.26411348,Beef Cattle - Slaughter/Stock
19876 480th Ave,578,45.61625141,-95.92034236,Beef Cattle - Slaughter/Stock
1821 21st St,996,43.51623398,-96.10900148,Beef Cattle - Slaughter/Stock
49504 755th St,600,43.57860412,-95.08185067,Beef Cattle - Slaughter/Stock
31618 Highway 13,800,44.01589568,-93.49657785,Beef Cattle - Slaughter/Stock
7987 105th St NW,615,45.3021623,-94.05256806,Beef Cattle - Slaughter/Stock
1060 Highway 29 SW,500,45.16642814,-95.59374669,Beef Cattle - Slaughter/Stock
8047 47th St SE,376,45.50115364,-93.99530289,Beef Cattle - Slaughter/Stock
Address Unknown,500,44.65239946,-92.87153109,Beef Cattle - Slaughter/Stock
23722 230th St,818.5,44.95049168,-94.47494571,Beef Cattle - Cow & calf pair
149 60th Ave,800,43.50639445,-96.35358238,Beef Cattle - Slaughter/Stock
3652 435th Ave,500,44.18959133,-93.69436602,Beef Cattle - Feeder/heifer
42499 County Road 21,485,44.16584043,-95.04025905,Beef Cattle - Slaughter/Stock
2825 240th St,500,44.39961868,-95.73013868,Beef Cattle - Slaughter/Stock
154 60th Ave,469,43.86400688,-96.36541919,Beef Cattle - Feeder/heifer
42263 County 1,478,46.44343309,-95.60583141,Beef Cattle - Slaughter/Stock
222 200th Ave,495,43.517966,-96.072203,Beef Cattle - Slaughter/Stock
54143 Barn Spring Rd,450,46.05737952,-92.58162231,Beef Cattle - Cow & calf pair
10029 381st Ave,330,43.50253022,-91.89724826,Beef Cattle - Feeder/heifer
14308 Cory Ave,600,43.78619452,-95.95106403,Beef Cattle - Slaughter/Stock
1087 190th Ave,640,44.01855434,-95.68435759,Beef Cattle - Slaughter/Stock
2469 210th St,750,44.96510211,-96.11757218,Beef Cattle - Slaughter/Stock
975 130th Ave,600,43.98321302,-95.80500385,Beef Cattle - Slaughter/Stock
2088 80th Ave,350,43.80013861,-94.70903843,Beef Cattle - Feeder/heifer
14155 300th St,678,43.56005999,-95.96954605,Beef Cattle - Feeder/heifer
3928 180th Ave,350,44.65988256,-95.8635494,Beef Cattle - Slaughter/Stock
9062 95th St,999,44.75400313,-94.17424072,Beef Cattle - Slaughter/Stock
6006 76th St SW,391.4,46.53096259,-94.60084175,Beef Cattle - Cow & calf pair
1884 Highway 23,420,45.85367914,-93.32256803,Beef Cattle - Feeder/heifer
18147 250th St,480,44.41376077,-95.43100409,Beef Cattle - Slaughter/Stock
28095 Konig Rd NE,315,48.20727796,-94.48806011,Beef Cattle - Feeder/heifer
235 20th St NW,700,45.29787416,-95.63126594,Beef Cattle - Slaughter/Stock
41503 County Road 54,980,44.19245438,-95.25101914,Beef Cattle - Slaughter/Stock
602 Railway,480,46.50392045,-95.63943018,Beef Cattle - Cow & calf pair
32672 County Road 100,549,44.19370401,-94.84692212,Beef Cattle - Slaughter/Stock
4671 County Highway 31,324,47.23320568,-96.07495368,Beef Cattle - Cow & calf pair
1199 550th St,975,44.57079616,-95.54394509,Beef Cattle - Slaughter/Stock
28 70th Ave,490,43.85312703,-95.92285945,Beef Cattle - Slaughter/Stock
19694 210th St,780,43.69013323,-95.85940467,Beef Cattle - Slaughter/Stock
23080 Goodwin Ave,332,44.61347449,-92.9534773,Beef Cattle - Slaughter/Stock
16764 342nd St Way,960,44.45457079,-92.68896213,Beef Cattle - Slaughter/Stock
662 240th Ave,450,43.94402923,-95.58004013,Beef Cattle - Slaughter/Stock
19403 Riverview Rd,700,44.25056085,-94.76195773,Beef Cattle - Slaughter/Stock
10775 Frank Rd,314.9,43.69202552,-91.47555764,Beef Cattle - Cow & calf pair
1070 191st St,350,44.1249873,-95.84901501,Beef Cattle - Slaughter/Stock
23227 County 21,380,43.69355949,-91.94736435,Beef Cattle - Cow & calf pair
Address Unknown,936,47.68859969,-96.1776609,Beef Cattle - Cow & calf pair
19317 160th St,458,44.28263845,-95.40716661,Beef Cattle - Feeder/heifer
23042 175th Ave,351.5,46.09549756,-94.29015072,Beef Cattle - Cow & calf pair
13859 County Road 9,430,44.81655635,-94.04100614,Beef Cattle - Feeder/heifer
18172 Highway 14,412,43.98563455,-91.91578484,Beef Cattle - Slaughter/Stock
35104 County Road 20,916,44.15502871,-94.8821514,Beef Cattle - Slaughter/Stock
669 150th Ave,810,43.60056728,-96.1707719,Beef Cattle - Slaughter/Stock
7030 30th St SW,395,44.97460217,-95.73743295,Beef Cattle - Cow & calf pair
1571 130th Ave,380,44.28031756,-96.04378137,Beef Cattle - Cow & calf pair
36531 State Line Rd,495,43.50252576,-91.91717074,Beef Cattle - Slaughter/Stock
28732 38th St,512.5,43.97227252,-93.69227504,Beef Cattle - Cow & calf pair
1732 90th Ave,368,45.78598321,-94.46826234,Beef Cattle - Slaughter/Stock
25564 460th Ave,500,44.11417199,-95.16060116,Beef Cattle - Slaughter/Stock
Address Unknown,575,44.31500042,-96.45225496,Beef Cattle - Slaughter/Stock
1187 200th Ave,700,44.02027999,-95.66573599,Beef Cattle - Slaughter/Stock
32899 211th Ave,350,44.47317747,-93.68410764,Beef Cattle - Slaughter/Stock
11636 270th St E,450,44.55706023,-92.87001901,Beef Cattle - Slaughter/Stock
3208 State Highway 23,500,44.42829962,-95.82658614,Beef Cattle - Slaughter/Stock
See PLS,608,46.60096655,-94.05499173,Beef Cattle - Cow & calf pair
6625 State Highway 22,540,43.5811676,-93.70836751,Beef Cattle - Feeder/heifer
6398 Coral Rd,408.5,46.06553647,-94.52786606,Beef Cattle - Feeder/heifer
917 90th Ave,463.6,43.98254346,-95.88601228,Beef Cattle - Slaughter/Stock
2119 51st St,600,43.91952574,-95.63827315,Beef Cattle - Slaughter/Stock
29969 - 243rd St,406.2,46.11094807,-94.02687024,Beef Cattle - Cow & calf pair
888 210th Ave,750,43.97657175,-95.64270667,Beef Cattle - Slaughter/Stock
718 151st St,500,44.06856245,-95.92036585,Beef Cattle - Slaughter/Stock
28154 County Road 12,369,45.53123861,-94.75474522,Beef Cattle - Slaughter/Stock
25790 Hunter Ave,420,44.42503738,-95.29030227,Beef Cattle - Slaughter/Stock
14420 250th Ave,334.5,45.72008399,-96.11071873,Beef Cattle - Slaughter/Stock
550 60th Ave,600,43.56454676,-96.35080298,Beef Cattle - Slaughter/Stock
765 31st St,450,43.89110261,-95.91097946,Beef Cattle - Slaughter/Stock
46959 600th Ave S,525,45.22630559,-96.16650812,Beef Cattle - Feeder/heifer
2572 490th St,425,44.77114172,-95.66314709,Beef Cattle - Slaughter/Stock
2619 200th Ave,499,44.68873495,-96.13033402,Beef Cattle - Slaughter/Stock
13954 Dybing Dr,377,43.7977493,-91.53872634,Beef Cattle - Slaughter/Stock
80637 415th St,999,44.75238771,-94.84319939,Beef Cattle - Slaughter/Stock
16306 70th Ave S,715,46.79358291,-96.4554418,Beef Cattle - Slaughter/Stock
67846 120th St,489.4,43.52908826,-92.68821796,Beef Cattle - Slaughter/Stock
9531 260th Ste E,396,44.57303281,-92.91265678,Beef Cattle - Slaughter/Stock
17462 Jones Ave,608,43.74115954,-95.79077877,Beef Cattle - Feeder/heifer
20378 180th St.,343,46.275806,-93.269058,Beef Cattle - Feeder/heifer
378 30th Ave,400,43.54107722,-96.41018337,Beef Cattle - Slaughter/Stock
725 51st St,480,43.55913005,-96.32680948,Beef Cattle - Cow & calf pair
2045 290th St N,900,44.69382865,-96.07538775,Beef Cattle - Slaughter/Stock
35407 595th Ave,449,44.43628774,-94.46158036,Beef Cattle - Slaughter/Stock
1825 110th Ave,855,44.11358232,-95.84499493,Beef Cattle - Slaughter/Stock
40109 360th Ave,685,43.9039485,-95.36080315,Beef Cattle - Slaughter/Stock
26490 County 14,302.5,43.6433617,-92.12182017,Beef Cattle - Cow & calf pair
21241 Highway 60 Blvd,840,44.26896889,-92.60834907,Beef Cattle - Slaughter/Stock
48171 County 23,350,46.32706461,-95.03231336,Beef Cattle - Feeder/heifer
28905 250th St,760,44.41335351,-95.20159074,Beef Cattle - Slaughter/Stock
18905 360th St,490,47.09350464,-95.99545744,Beef Cattle - Feeder/heifer
9238 57th St,475,45.48663001,-93.97353635,Beef Cattle - Slaughter/Stock
11877 260th Ave,495,46.74408608,-95.86114357,Beef Cattle - Slaughter/Stock
2071 County Road 101,723,44.35131161,-96.38608563,Beef Cattle - Cow & calf pair
Address Unknown,500,43.61338938,-96.03466796,Beef Cattle - Slaughter/Stock
47305 320th St,400,45.43221438,-95.90429793,Beef Cattle - Slaughter/Stock
1283 166th St,600,44.08601182,-95.80727972,Beef Cattle - Slaughter/Stock
2363 140th St,439,44.74154413,-96.38188411,Beef Cattle - Slaughter/Stock
1357 240th Ave,600,44.04445464,-95.58690994,Beef Cattle - Slaughter/Stock
550 160th Ave SE,420,45.24704944,-95.29611448,Beef Cattle - Feeder/heifer
986 71st St,500,43.58558951,-96.2750522,Beef Cattle - Slaughter/Stock
25012 Mulligan Rd,494,43.72322808,-92.25257843,Beef Cattle - Slaughter/Stock
10522 200th St,432,43.70399681,-96.04193815,Beef Cattle - Slaughter/Stock
1872 270th St,572,44.67010328,-96.11352977,Beef Cattle - Slaughter/Stock
14568 Frontier Ave,888.5,44.26224645,-95.37050788,Beef Cattle - Slaughter/Stock
1846 County Road 11,980,44.31807156,-95.61101128,Beef Cattle - Slaughter/Stock
35731 140th St,454,45.69974838,-95.6677161,Beef Cattle - Slaughter/Stock
24695 US Highway 59,396,45.54801885,-95.91501746,Beef Cattle - Slaughter/Stock
60493 State Highway 30,900,44.04904317,-94.86864344,Beef Cattle - Slaughter/Stock
42684 County Road 21,420,44.16595016,-95.04025749,Beef Cattle - Slaughter/Stock
36892 Edgewood Rd,445,43.59288026,-91.92227485,Beef Cattle - Slaughter/Stock
14523 140th St,705,44.25376983,-95.50218578,Beef Cattle - Slaughter/Stock
79 110th Ave,490,43.85910983,-95.84597293,Beef Cattle - Slaughter/Stock
17079 Gap Dr,423.4,43.5983816,-91.58783977,Beef Cattle - Slaughter/Stock
1368 180th Ave,425,44.04824341,-96.10289817,Beef Cattle - Slaughter/Stock
2957 211th St,865,44.14902112,-95.47126452,Beef Cattle - Slaughter/Stock
422 60th Ave,435,43.54534411,-96.34951958,Beef Cattle - Slaughter/Stock
1451 150th Ave,520,44.05997313,-96.1678147,Beef Cattle - Slaughter/Stock
3788 260th Ave,617.5,44.59982737,-96.13131901,Beef Cattle - Slaughter/Stock
22399 288th St,498,45.54017856,-94.56906796,Beef Cattle - Slaughter/Stock
20339 315th St,350,44.49247277,-92.62725118,Beef Cattle - Slaughter/Stock
9030 County Road 15 SW,305,44.95312843,-95.66036308,Beef Cattle - Cow & calf pair
23621 County Road 4,998.9,44.14259989,-95.19902327,Beef Cattle - Feeder/heifer
17302 State Highway 66,380,44.04903864,-94.05108433,Beef Cattle - Slaughter/Stock
Address Unknown,600,43.73362345,-95.98918777,Beef Cattle - Slaughter/Stock
17435 350th Ave,900,44.21578567,-94.88994009,Beef Cattle - Slaughter/Stock
6949 County Road 3,785,43.65821087,-91.38951251,Beef Cattle - Slaughter/Stock
13934 Prairie Ridge Road,370,43.64722931,-91.53329905,Beef Cattle - Slaughter/Stock
17050 County Road 34,307,44.78990125,-93.95763206,Beef Cattle - Feeder/heifer
40881 270th Street,340,45.51261181,-95.76522303,Beef Cattle - Slaughter/Stock
1532 160th St,546,44.28812365,-96.33835088,Beef Cattle - Feeder/heifer
Address Unknown,350,44.60007338,-92.8350791,Beef Cattle - Feeder/heifer
1461 County Road 4,420,44.39298081,-96.00653002,Beef Cattle - Feeder/heifer
16877 240th St S,352,46.64766283,-96.30109032,Beef Cattle - Cow & calf pair
19378 280th St,500,44.45557304,-95.40328156,Beef Cattle - Slaughter/Stock
22965 Belleville Dr,890,43.51783279,-91.70961634,Beef Cattle - Slaughter/Stock
7220 County Road 146,465,45.39969544,-94.25995188,Beef Cattle - Slaughter/Stock
2772 310th St,630,44.50128415,-95.74125312,Beef Cattle - Slaughter/Stock
1852 220th Ave,340,44.72349332,-96.28457527,Beef Cattle - Slaughter/Stock
37559 County Road 4,600,44.67308664,-94.92433772,Beef Cattle - Slaughter/Stock
9819 Neal Ave S,302,44.80730855,-92.84189584,Beef Cattle - Cow & calf pair
20596 105th St,600,45.75365736,-95.35903373,Beef Cattle - Slaughter/Stock
1235 201st St,350,43.77593022,-96.22531052,Beef Cattle - Slaughter/Stock
341 191st St,374,44.12459275,-96.39891115,Beef Cattle - Cow & calf pair
20676 340th St,338,44.45691624,-93.67497464,Beef Cattle - Slaughter/Stock
44694 300th St,990,45.47418101,-95.8410978,Beef Cattle - Slaughter/Stock
2609 Highway 75,343,44.77751309,-96.19544991,Beef Cattle - Feeder/heifer
10851 90th Ave,736.5,45.41311328,-93.97287133,Beef Cattle - Slaughter/Stock
1470 130th Ave,400,44.06073903,-95.80205614,Beef Cattle - Slaughter/Stock
1153 180th Ave,385,44.01732035,-96.10697832,Beef Cattle - Feeder/heifer
726 21st St,505,43.51251236,-96.32638977,Beef Cattle - Slaughter/Stock
1880 90th Ave,750,43.75849412,-96.29026414,Beef Cattle - Slaughter/Stock
53249 275th Ave,510,44.18148328,-92.68663903,Beef Cattle - Slaughter/Stock
1266 110th St,420,43.64538649,-94.6201222,Beef Cattle - Feeder/heifer
405 170th Ave SW,950,45.25490053,-95.93259036,Beef Cattle - Slaughter/Stock
17446 235th Street,710,43.65351586,-95.90547749,Beef Cattle - Feeder/heifer
680 150th Ave,655.6,43.9474202,-96.16342837,Beef Cattle - Slaughter/Stock
1031 State Highway 270,940,43.53063228,-96.2665054,Beef Cattle - Slaughter/Stock
3263 270th St,543.5,44.44322372,-95.64203225,Beef Cattle - Slaughter/Stock
19704 County Road 28,325,45.72566005,-95.33961146,Beef Cattle - Slaughter/Stock
15432 570th Ave,328,43.5781045,-92.90599911,Beef Cattle - Slaughter/Stock
660th State Highway 270,650,43.52754116,-96.34167654,Beef Cattle - Slaughter/Stock
1012 200th St,696.5,43.77797719,-94.67219487,Beef Cattle - Feeder/heifer
3440 210th Ave,990,44.54962641,-95.86953715,Beef Cattle - Slaughter/Stock
51804 330th St,960,45.42875209,-95.98646909,Beef Cattle - Slaughter/Stock
1929 31st St,370.2,43.88796773,-95.67777332,Beef Cattle - Slaughter/Stock
23752 180th St,800,43.73389844,-95.77787018,Beef Cattle - Slaughter/Stock
693 20th Ave,374,43.94186328,-96.30806,Beef Cattle - Slaughter/Stock
3541 Oakridge Ln,567.5,46.2068005,-94.16644596,Beef Cattle - Feeder/heifer
1967 330th St,995,44.52837523,-95.90389826,Beef Cattle - Slaughter/Stock
41556 510th Ave,730,43.88341881,-95.05828733,Beef Cattle - Slaughter/Stock
2850 150th Street,990,44.88297746,-96.07013113,Beef Cattle - Slaughter/Stock
1378 240th Ave,990,44.25179293,-96.17566368,Beef Cattle - Slaughter/Stock
6226 Highway 67,995,44.54360827,-95.39844532,Beef Cattle - Slaughter/Stock
Address Unknown,498,44.52830501,-95.40867741,Beef Cattle - Slaughter/Stock
6215 210th Ave SW,492.5,44.91889811,-95.12890069,Beef Cattle - Feeder/heifer
43090 570th Ave,640,43.85470283,-94.93943242,Beef Cattle - Slaughter/Stock
1917 130th Ave,984,43.76371468,-94.61567865,Beef Cattle - Slaughter/Stock
271 140th Ave,450,43.52458574,-96.19391292,Beef Cattle - Slaughter/Stock
44338 County Road 19,450,45.45560178,-95.04334217,Beef Cattle - Slaughter/Stock
21614 State Highway 91,600.5,43.68035578,-95.93100159,Beef Cattle - Feeder/heifer
2171 230th St,450,44.38501879,-95.86277434,Beef Cattle - Slaughter/Stock
27695 US Highway 2,382,47.41200278,-95.22559168,Beef Cattle - Slaughter/Stock
45853 Red Oak Rd,487.2,46.29406598,-94.84800857,Beef Cattle - Feeder/heifer
40566 60th St,400,43.57211383,-94.05613003,Beef Cattle - Slaughter/Stock
26376 280th St,350,44.45624015,-95.26219177,Beef Cattle - Slaughter/Stock
255 60th St,450,45.23832261,-95.62862718,Beef Cattle - Slaughter/Stock
64209 430th St,425,44.51749992,-94.80596525,Beef Cattle - Slaughter/Stock
20385 370th St,800,46.05768947,-93.90011722,Beef Cattle - Slaughter/Stock
3567 330th Ave,315,44.5672512,-95.61764958,Beef Cattle - Feeder/heifer
33814 360th St,475,44.47703641,-94.84218094,Beef Cattle - Slaughter/Stock
518 51st St,930,43.55620255,-96.36863381,Beef Cattle - Slaughter/Stock
22369 200th Ave N,335,47.13485629,-96.33099864,Beef Cattle - Cow & calf pair
23620 County Road 4,460,44.14801868,-95.20640632,Beef Cattle - Slaughter/Stock
18611 290th St,696,43.57268007,-95.88200746,Beef Cattle - Slaughter/Stock
35232 732nd Ave,798,45.25507428,-94.29136994,Beef Cattle - Slaughter/Stock
Co Rd 18,498.4,46.77794289,-94.99927148,Beef Cattle - Feeder/heifer
10567 County Highway 5,350,44.20433337,-95.47252042,Beef Cattle - Slaughter/Stock
3912 County Road 109,975,44.619079,-96.23219785,Beef Cattle - Slaughter/Stock
1227 250th Ave,807.5,44.22973556,-96.16123667,Beef Cattle - Slaughter/Stock
14976 586th Ave,600,43.98393732,-93.93935681,Beef Cattle - Slaughter/Stock
13230 610th Ave,500,43.54711267,-92.82848951,Beef Cattle - Slaughter/Stock
 ,990,43.60763343,-95.95388794,Beef Cattle - Slaughter/Stock
24081 County Highway 13,800,44.39989315,-94.98678594,Beef Cattle - Slaughter/Stock
53329 Barnes Spring Rd,995,46.05735482,-92.59199131,Beef Cattle - Slaughter/Stock
1289 200th Ave,850,43.67238766,-96.07527058,Beef Cattle - Slaughter/Stock
26999 County 29,460,46.02223842,-94.77466236,Beef Cattle - Slaughter/Stock
13345 US Highway 71,760,44.243699,-95.12817918,Beef Cattle - Slaughter/Stock
782 151st St,490,44.06676748,-95.9070821,Beef Cattle - Slaughter/Stock
15071 Palm Ave,525,43.77424298,-95.63576242,Beef Cattle - Feeder/heifer
15062 Lace Ave,497,44.83440107,-94.24997594,Beef Cattle - Feeder/heifer
1986 90th Ave,686,43.7743504,-94.69461204,Beef Cattle - Feeder/heifer
27199 County Highway 61,323.5,46.35715971,-95.51124671,Beef Cattle - Feeder/heifer
37266 County Road 18,490,45.6376333,-95.03634342,Beef Cattle - Slaughter/Stock
45 2nd St N,313.5,45.95700265,-94.53007767,Beef Cattle - Cow & calf pair
See PLS,530,45.69619898,-96.0915794,Beef Cattle - Slaughter/Stock
5373 45th Ave,543.2,45.83647951,-94.56853258,Beef Cattle - Feeder/heifer
29874 570th Ave,353,43.78497369,-92.90694458,Beef Cattle - Slaughter/Stock
36535 218th St,386,43.6755438,-91.91749134,Beef Cattle - Slaughter/Stock
36892 Edgewood Rd,448,43.58569837,-91.91732363,Beef Cattle - Slaughter/Stock
3335 141st Ave,763,45.14442025,-96.37453322,Beef Cattle - Feeder/heifer
49361 Spruce Rd,699.3,46.32791337,-94.67447427,Beef Cattle - Feeder/heifer
19279 US Highway 63,368,43.63656453,-92.40188192,Beef Cattle - Feeder/heifer
3483 Oday Ave,699.3,44.6665753,-94.31534223,Beef Cattle - Feeder/heifer
2167 181st St,600,44.10718873,-95.62925268,Beef Cattle - Slaughter/Stock
21008 Engen Rd,469.3,43.54177183,-91.52388461,Beef Cattle - Slaughter/Stock
312 110th Ave,363,43.89398086,-96.24378693,Beef Cattle - Cow & calf pair
70793 385th Ave,750,43.51170108,-95.31348077,Beef Cattle - Slaughter/Stock
41622 County 6 Blvd,420,44.34926174,-92.6709582,Beef Cattle - Feeder/heifer
14142 S Prairie Dr,420,43.58811347,-91.53197411,Beef Cattle - Feeder/heifer
17055 Arrowhead Rd,428.1,43.60360927,-91.77282935,Beef Cattle - Cow & calf pair
25186 County Road 17,895,44.73106276,-95.17169403,Beef Cattle - Slaughter/Stock
31853 High Bush Rd NE,440,47.82571823,-94.48612843,Beef Cattle - Cow & calf pair
18319 Crystal Ridge Rd,398,44.07221311,-91.96423551,Beef Cattle - Slaughter/Stock
23734 Dove Rd,348,46.10280646,-94.50247853,Beef Cattle - Slaughter/Stock
45219 267th Ave,400,44.30291477,-93.8034806,Beef Cattle - Slaughter/Stock
21596 180th Ave SE,752,47.85261964,-96.08818122,Beef Cattle - Feeder/heifer
12156 US Highway 59,950,43.81703859,-95.59092601,Beef Cattle - Slaughter/Stock
5788 212th St W,875,44.64058652,-93.18136548,Beef Cattle - Slaughter/Stock
County Road 2,450,44.0157186,-95.01193631,Beef Cattle - Slaughter/Stock
1330 71st St,990,43.95067751,-95.79737938,Beef Cattle - Slaughter/Stock
40986 175th Ave,375,46.22399597,-94.99966555,Beef Cattle - Slaughter/Stock
28444 198th Ave,550,47.54232468,-90.89753537,Beef Cattle - Slaughter/Stock
47586 240th St,590,44.13725306,-95.12937591,Beef Cattle - Slaughter/Stock
845 11th St,359,43.86213448,-96.29772538,Beef Cattle - Slaughter/Stock
1039 180th Ave,999,43.99909305,-96.10668874,Beef Cattle - Slaughter/Stock
933 140th Ave,600,43.61950761,-96.19483557,Beef Cattle - Slaughter/Stock
8951 100th Ave,374,45.89030284,-94.45329195,Beef Cattle - Cow & calf pair
1238 40th Ave,307,44.02754714,-95.98095782,Beef Cattle - Slaughter/Stock
13392 430th Ave,490,45.7121676,-95.81051645,Beef Cattle - Feeder/heifer
34116 480th St,400,44.25437765,-93.95232426,Beef Cattle - Slaughter/Stock
3495 State Highway 23,400,44.55667521,-95.73627598,Beef Cattle - Slaughter/Stock
32470 140th St SE,720,47.96645391,-95.78828994,Beef Cattle - Cow & calf pair
4294 510th Ave,675,43.54770111,-93.84840117,Beef Cattle - Slaughter/Stock
45572 171st Ave,390,44.2866179,-93.62094313,Beef Cattle - Slaughter/Stock
Address Unknown,354,44.16623759,-96.28287391,Beef Cattle - Cow & calf pair
15786 431st Ave,950,43.58343395,-91.79143761,Beef Cattle - Slaughter/Stock
39726 617th Ave,700,45.32304611,-94.52603543,Beef Cattle - Slaughter/Stock
47238 County Highway 58,485,47.03528583,-95.37050027,Beef Cattle - Slaughter/Stock
418 41st St,793,43.90771421,-95.98143995,Beef Cattle - Slaughter/Stock
1728 140th Ave,866.5,43.73608722,-96.19123321,Beef Cattle - Slaughter/Stock
2590 121st St,990,44.02259039,-95.54478374,Beef Cattle - Slaughter/Stock
28958 198th Ave,996,45.4863334,-95.31910729,Beef Cattle - Slaughter/Stock
11560 Co Rd 3,450,44.13140422,-95.01762613,Beef Cattle - Slaughter/Stock
11083 Dempsey Ave SW,456.5,44.992108,-93.950089,Beef Cattle - Feeder/heifer
1753 21st St,500,43.515678,-96.12329365,Beef Cattle - Slaughter/Stock
1162 140th Ave,405,44.01675525,-95.78240436,Beef Cattle - Slaughter/Stock
1963 290th St N,475,44.68295639,-96.07547773,Beef Cattle - Slaughter/Stock
152 200th Ave,770,43.5071784,-96.07129712,Beef Cattle - Slaughter/Stock
See location description,662,46.11176534,-92.62848833,Beef Cattle - Cow & calf pair
7030 27th St SE,660,45.53003275,-94.01655333,Beef Cattle - Slaughter/Stock
45591 580th Ave,665,46.62388992,-95.28083038,Beef Cattle - Feeder/heifer
27504 350th St,499,46.13568975,-94.84287152,Beef Cattle - Feeder/heifer
142300 149th St SW,400,47.80663757,-96.96070724,Beef Cattle - Slaughter/Stock
238 30th Ave,800,43.5195408,-96.4081777,Beef Cattle - Slaughter/Stock
1227 110th Ave,400,43.66303104,-96.25356462,Beef Cattle - Slaughter/Stock
1313 100th Ave,490,44.03892554,-95.86528869,Beef Cattle - Slaughter/Stock
38607 180th St,499,44.68782002,-94.04108411,Beef Cattle - Slaughter/Stock
15624 340th Ave,324,45.68512758,-95.6156097,Beef Cattle - Cow & calf pair
1765 250th St,478,44.41445144,-95.94479995,Beef Cattle - Slaughter/Stock
271st Ave,380,43.80599554,-92.10645436,Beef Cattle - Cow & calf pair
1009 415th Ave,321,44.15960232,-93.74766175,Beef Cattle - Feeder/heifer
7322 County Road 7 SE,322,43.91413736,-92.23871121,Beef Cattle - Cow & calf pair
1927 181st St,375,43.74767937,-96.08611732,Beef Cattle - Slaughter/Stock
2801 140th St,450,44.25312577,-96.09989636,Beef Cattle - Slaughter/Stock
2401 150th Street,990,44.87622211,-96.1621732,Beef Cattle - Slaughter/Stock
30649 Fellows Ave,600,43.54803318,-95.83458552,Beef Cattle - Slaughter/Stock
11660 260th St E,850,44.57092154,-92.8703873,Beef Cattle - Slaughter/Stock